<?xml version="1.0" encoding="UTF-8"?>
<!DOCTYPE generatorConfiguration
        PUBLIC "-//mybatis.org//DTD MyBatis Generator Configuration 1.0//EN"
        "http://mybatis.org/dtd/mybatis-generator-config_1_0.dtd">

<generatorConfiguration>
    <classPathEntry location="D:\mysql-connector-java-5.1.39.jar" />

    <context id="MyTables" targetRuntime="MyBatis3">
        <jdbcConnection driverClass="com.mysql.jdbc.Driver"
                        connectionURL="jdbc:mysql://192.168.13.52:3306/training?useUnicode=true&amp;characterEncoding=UTF-8"
                        userId="root"
                        password="hk123">
        </jdbcConnection>

        <!--<javaTypeResolver >-->
            <!--<property name="forceBigDecimals" value="false" />-->
        <!--</javaTypeResolver>-->

        <javaModelGenerator targetPackage="com.huntkey.rx.sceo.demo.provider.model" targetProject="D:\work\IdeaProjects\develop-platform\demo-common\src\main\java">
            <property name="enableSubPackages" value="true" />
            <property name="trimStrings" value="true" />
        </javaModelGenerator>

        <sqlMapGenerator targetPackage="mapper"  targetProject="D:\work\IdeaProjects\develop-platform\demo-provider\src\main\resources">
            <property name="enableSubPackages" value="true" />
        </sqlMapGenerator>

        <javaClientGenerator type="XMLMAPPER" targetPackage="com.huntkey.rx.sceo.demo.provider.dao" targetProject="D:\work\IdeaProjects\develop-platform\demo-provider\src\main\java">
            <property name="enableSubPackages" value="true" />
        </javaClientGenerator>

        <table schema="training" tableName="user" domainObjectName="User" >
            <!--<property name="useActualColumnNames" value="true"/>-->
            <!--<generatedKey column="ID" sqlStatement="DB2" identity="true" />-->
            <!--<columnOverride column="DATE_FIELD" property="startDate" />-->
            <!--<ignoreColumn column="FRED" />-->
            <!--<columnOverride column="LONG_VARCHAR_FIELD" jdbcType="VARCHAR" />-->
        </table>

    </context>
</generatorConfiguration>