<?xml version="1.0" encoding="UTF-8"?>
<Configuration status="WARN">
    <Properties>
        <Property name="spring.application.name">
            demo-provider
        </Property>
    </Properties>
    <Appenders>
        <Console name="Console" target="SYSTEM_OUT" follow="true">
            <PatternLayout>
                <pattern>%d %p [%X{X-HOST-IP}|%X{X-HOST-NAME}|%X{X-REMOTE-HOST-NAME}|${ctx:spring.application.name},%X{X-B3-TraceId},%X{X-B3-SpanId},%X{X-Span-Export}] %C{1.} [%t] %m%n</pattern>
            </PatternLayout>
        </Console>
        <!-- 按日期每天生成log文件 -->
        <RollingFile name="RollingFile" fileName="/sceo-log/log/${ctx:spring.application.name}.log"
                     filePattern="/sceo-log/log/${ctx:spring.application.name}-%d{yyyy-MM-dd}.log">
            <PatternLayout>
                <pattern>%d %p [%X{X-HOST-IP}|%X{X-HOST-NAME}|%X{X-REMOTE-HOST-NAME}|${ctx:spring.application.name},%X{X-B3-TraceId},%X{X-B3-SpanId},%X{X-Span-Export}] %C{1.} [%t] %m%n</pattern>
            </PatternLayout>
            <Policies>
                <TimeBasedTriggeringPolicy modulate="true" interval="24"/>
                <SizeBasedTriggeringPolicy size="50MB" />
            </Policies>

            <!-- log文件只打印error级别信息 -->
            <Filters>
                <ThresholdFilter level="ERROR" onMatch="ACCEPT" onMismatch="DENY"/>
            </Filters>
        </RollingFile>
    </Appenders>
    <Loggers>
        <Logger name="com.huntkey.rx.sceo" level="INFO" additivity="false">
            <appender-ref ref="Console" />
            <appender-ref ref="file" />
        </Logger>

        <!-- 输出info级别信息 Root 节点不可删除，但是root的level 可以在yml文件中配置-->
        <Root level="INFO">
            <AppenderRef ref="Console" />
            <AppenderRef ref="RollingFile" />
        </Root>
    </Loggers>
</Configuration>