<?xml version="1.0" encoding="UTF-8"?>
<!DOCTYPE mapper PUBLIC "-//mybatis.org//DTD Mapper 3.0//EN" "http://mybatis.org/dtd/mybatis-3-mapper.dtd">
<mapper namespace="com.huntkey.rx.sceo.demo.provider.dao.UserMapper">
  <resultMap id="BaseResultMap" type="com.huntkey.rx.sceo.demo.provider.model.User">
    <!--
      WARNING - @mbg.generated
      This element is automatically generated by MyBatis Generator, do not modify.
      This element was generated on Tue Sep 19 10:43:02 CST 2017.
    -->
    <id column="id" jdbcType="VARCHAR" property="id" />
    <result column="email" jdbcType="VARCHAR" property="email" />
    <result column="nick_name" jdbcType="VARCHAR" property="nickName" />
    <result column="pass_word" jdbcType="VARCHAR" property="passWord" />
    <result column="reg_time" jdbcType="TIMESTAMP" property="regTime" />
    <result column="user_name" jdbcType="VARCHAR" property="userName" />
    <result column="is_del" jdbcType="CHAR" property="isDel" />
  </resultMap>
  <sql id="Example_Where_Clause">
    <!--
      WARNING - @mbg.generated
      This element is automatically generated by MyBatis Generator, do not modify.
      This element was generated on Tue Sep 19 10:43:02 CST 2017.
    -->
    <where>
      <foreach collection="oredCriteria" item="criteria" separator="or">
        <if test="criteria.valid">
          <trim prefix="(" prefixOverrides="and" suffix=")">
            <foreach collection="criteria.criteria" item="criterion">
              <choose>
                <when test="criterion.noValue">
                  and ${criterion.condition}
                </when>
                <when test="criterion.singleValue">
                  and ${criterion.condition} #{criterion.value}
                </when>
                <when test="criterion.betweenValue">
                  and ${criterion.condition} #{criterion.value} and #{criterion.secondValue}
                </when>
                <when test="criterion.listValue">
                  and ${criterion.condition}
                  <foreach close=")" collection="criterion.value" item="listItem" open="(" separator=",">
                    #{listItem}
                  </foreach>
                </when>
              </choose>
            </foreach>
          </trim>
        </if>
      </foreach>
    </where>
  </sql>
  <sql id="Update_By_Example_Where_Clause">
    <!--
      WARNING - @mbg.generated
      This element is automatically generated by MyBatis Generator, do not modify.
      This element was generated on Tue Sep 19 10:43:02 CST 2017.
    -->
    <where>
      <foreach collection="example.oredCriteria" item="criteria" separator="or">
        <if test="criteria.valid">
          <trim prefix="(" prefixOverrides="and" suffix=")">
            <foreach collection="criteria.criteria" item="criterion">
              <choose>
                <when test="criterion.noValue">
                  and ${criterion.condition}
                </when>
                <when test="criterion.singleValue">
                  and ${criterion.condition} #{criterion.value}
                </when>
                <when test="criterion.betweenValue">
                  and ${criterion.condition} #{criterion.value} and #{criterion.secondValue}
                </when>
                <when test="criterion.listValue">
                  and ${criterion.condition}
                  <foreach close=")" collection="criterion.value" item="listItem" open="(" separator=",">
                    #{listItem}
                  </foreach>
                </when>
              </choose>
            </foreach>
          </trim>
        </if>
      </foreach>
    </where>
  </sql>
  <sql id="Base_Column_List">
    <!--
      WARNING - @mbg.generated
      This element is automatically generated by MyBatis Generator, do not modify.
      This element was generated on Tue Sep 19 10:43:02 CST 2017.
    -->
    id, email, nick_name, pass_word, reg_time, user_name, is_del
  </sql>
  <select id="selectByExample" parameterType="com.huntkey.rx.sceo.demo.provider.model.UserExample" resultMap="BaseResultMap">
    <!--
      WARNING - @mbg.generated
      This element is automatically generated by MyBatis Generator, do not modify.
      This element was generated on Tue Sep 19 10:43:02 CST 2017.
    -->
    select
    <if test="distinct">
      distinct
    </if>
    <include refid="Base_Column_List" />
    from user
    <if test="_parameter != null">
      <include refid="Example_Where_Clause" />
    </if>
    <if test="orderByClause != null">
      order by ${orderByClause}
    </if>
  </select>
  <select id="selectByPrimaryKey" parameterType="java.lang.String" resultMap="BaseResultMap">
    <!--
      WARNING - @mbg.generated
      This element is automatically generated by MyBatis Generator, do not modify.
      This element was generated on Tue Sep 19 10:43:02 CST 2017.
    -->
    select 
    <include refid="Base_Column_List" />
    from user
    where id = #{id,jdbcType=VARCHAR}
  </select>
  <delete id="deleteByPrimaryKey" parameterType="java.lang.String">
    <!--
      WARNING - @mbg.generated
      This element is automatically generated by MyBatis Generator, do not modify.
      This element was generated on Tue Sep 19 10:43:02 CST 2017.
    -->
    delete from user
    where id = #{id,jdbcType=VARCHAR}
  </delete>
  <delete id="deleteByExample" parameterType="com.huntkey.rx.sceo.demo.provider.model.UserExample">
    <!--
      WARNING - @mbg.generated
      This element is automatically generated by MyBatis Generator, do not modify.
      This element was generated on Tue Sep 19 10:43:02 CST 2017.
    -->
    delete from user
    <if test="_parameter != null">
      <include refid="Example_Where_Clause" />
    </if>
  </delete>
  <insert id="insert" parameterType="com.huntkey.rx.sceo.demo.provider.model.User">
    <!--
      WARNING - @mbg.generated
      This element is automatically generated by MyBatis Generator, do not modify.
      This element was generated on Tue Sep 19 10:43:02 CST 2017.
    -->
    insert into user (id, email, nick_name, 
      pass_word, reg_time, user_name, 
      is_del)
    values (#{id,jdbcType=VARCHAR}, #{email,jdbcType=VARCHAR}, #{nickName,jdbcType=VARCHAR}, 
      #{passWord,jdbcType=VARCHAR}, #{regTime,jdbcType=TIMESTAMP}, #{userName,jdbcType=VARCHAR}, 
      #{isDel,jdbcType=CHAR})
  </insert>
  <insert id="insertSelective" parameterType="com.huntkey.rx.sceo.demo.provider.model.User">
    <!--
      WARNING - @mbg.generated
      This element is automatically generated by MyBatis Generator, do not modify.
      This element was generated on Tue Sep 19 10:43:02 CST 2017.
    -->
    insert into user
    <trim prefix="(" suffix=")" suffixOverrides=",">
      <if test="id != null">
        id,
      </if>
      <if test="email != null">
        email,
      </if>
      <if test="nickName != null">
        nick_name,
      </if>
      <if test="passWord != null">
        pass_word,
      </if>
      <if test="regTime != null">
        reg_time,
      </if>
      <if test="userName != null">
        user_name,
      </if>
      <if test="isDel != null">
        is_del,
      </if>
    </trim>
    <trim prefix="values (" suffix=")" suffixOverrides=",">
      <if test="id != null">
        #{id,jdbcType=VARCHAR},
      </if>
      <if test="email != null">
        #{email,jdbcType=VARCHAR},
      </if>
      <if test="nickName != null">
        #{nickName,jdbcType=VARCHAR},
      </if>
      <if test="passWord != null">
        #{passWord,jdbcType=VARCHAR},
      </if>
      <if test="regTime != null">
        #{regTime,jdbcType=TIMESTAMP},
      </if>
      <if test="userName != null">
        #{userName,jdbcType=VARCHAR},
      </if>
      <if test="isDel != null">
        #{isDel,jdbcType=CHAR},
      </if>
    </trim>
  </insert>
  <select id="countByExample" parameterType="com.huntkey.rx.sceo.demo.provider.model.UserExample" resultType="java.lang.Long">
    <!--
      WARNING - @mbg.generated
      This element is automatically generated by MyBatis Generator, do not modify.
      This element was generated on Tue Sep 19 10:43:02 CST 2017.
    -->
    select count(*) from user
    <if test="_parameter != null">
      <include refid="Example_Where_Clause" />
    </if>
  </select>
  <update id="updateByExampleSelective" parameterType="map">
    <!--
      WARNING - @mbg.generated
      This element is automatically generated by MyBatis Generator, do not modify.
      This element was generated on Tue Sep 19 10:43:02 CST 2017.
    -->
    update user
    <set>
      <if test="record.id != null">
        id = #{record.id,jdbcType=VARCHAR},
      </if>
      <if test="record.email != null">
        email = #{record.email,jdbcType=VARCHAR},
      </if>
      <if test="record.nickName != null">
        nick_name = #{record.nickName,jdbcType=VARCHAR},
      </if>
      <if test="record.passWord != null">
        pass_word = #{record.passWord,jdbcType=VARCHAR},
      </if>
      <if test="record.regTime != null">
        reg_time = #{record.regTime,jdbcType=TIMESTAMP},
      </if>
      <if test="record.userName != null">
        user_name = #{record.userName,jdbcType=VARCHAR},
      </if>
      <if test="record.isDel != null">
        is_del = #{record.isDel,jdbcType=CHAR},
      </if>
    </set>
    <if test="_parameter != null">
      <include refid="Update_By_Example_Where_Clause" />
    </if>
  </update>
  <update id="updateByExample" parameterType="map">
    <!--
      WARNING - @mbg.generated
      This element is automatically generated by MyBatis Generator, do not modify.
      This element was generated on Tue Sep 19 10:43:02 CST 2017.
    -->
    update user
    set id = #{record.id,jdbcType=VARCHAR},
      email = #{record.email,jdbcType=VARCHAR},
      nick_name = #{record.nickName,jdbcType=VARCHAR},
      pass_word = #{record.passWord,jdbcType=VARCHAR},
      reg_time = #{record.regTime,jdbcType=TIMESTAMP},
      user_name = #{record.userName,jdbcType=VARCHAR},
      is_del = #{record.isDel,jdbcType=CHAR}
    <if test="_parameter != null">
      <include refid="Update_By_Example_Where_Clause" />
    </if>
  </update>
  <update id="updateByPrimaryKeySelective" parameterType="com.huntkey.rx.sceo.demo.provider.model.User">
    <!--
      WARNING - @mbg.generated
      This element is automatically generated by MyBatis Generator, do not modify.
      This element was generated on Tue Sep 19 10:43:02 CST 2017.
    -->
    update user
    <set>
      <if test="email != null">
        email = #{email,jdbcType=VARCHAR},
      </if>
      <if test="nickName != null">
        nick_name = #{nickName,jdbcType=VARCHAR},
      </if>
      <if test="passWord != null">
        pass_word = #{passWord,jdbcType=VARCHAR},
      </if>
      <if test="regTime != null">
        reg_time = #{regTime,jdbcType=TIMESTAMP},
      </if>
      <if test="userName != null">
        user_name = #{userName,jdbcType=VARCHAR},
      </if>
      <if test="isDel != null">
        is_del = #{isDel,jdbcType=CHAR},
      </if>
    </set>
    where id = #{id,jdbcType=VARCHAR}
  </update>
  <update id="updateByPrimaryKey" parameterType="com.huntkey.rx.sceo.demo.provider.model.User">
    <!--
      WARNING - @mbg.generated
      This element is automatically generated by MyBatis Generator, do not modify.
      This element was generated on Tue Sep 19 10:43:02 CST 2017.
    -->
    update user
    set email = #{email,jdbcType=VARCHAR},
      nick_name = #{nickName,jdbcType=VARCHAR},
      pass_word = #{passWord,jdbcType=VARCHAR},
      reg_time = #{regTime,jdbcType=TIMESTAMP},
      user_name = #{userName,jdbcType=VARCHAR},
      is_del = #{isDel,jdbcType=CHAR}
    where id = #{id,jdbcType=VARCHAR}
  </update>
</mapper>